institution,city,start_date,claim_transactions,claimed_hkd_thousand,record_id,period_start,period_end,source_id,printed_pages,pdf_pages,exposure_start_date
Shenzhen New Frontier United Family Hospital,Shenzhen,2024-08-14,3931,4505,DH2025-P1,2025-01-01,2025-12-31,DH2026_HHB248,273–274,275–276,2025-01-01
Peking University Shenzhen Hospital,Shenzhen,2025-08-28,288,139,DH2025-P2,2025-01-01,2025-12-31,DH2026_HHB248,273–274,275–276,2025-08-28
Shenzhen Hospital of Southern Medical University,Shenzhen,2025-08-28,259,115,DH2025-P3,2025-01-01,2025-12-31,DH2026_HHB248,273–274,275–276,2025-08-28
Shenzhen C.K.J Stomatological Hospital,Shenzhen,2024-08-14,22878,36525,DH2025-P4,2025-01-01,2025-12-31,DH2026_HHB248,273–274,275–276,2025-01-01
Dental Bauhinia Shenzhen (combined centers),Shenzhen,2024-08-14,328,689,DH2025-P5,2025-01-01,2025-12-31,DH2026_HHB248,273–274,275–276,2025-01-01
FAH-SYSU,Guangzhou,2024-06-28,3773,1498,DH2025-P6,2025-01-01,2025-12-31,DH2026_HHB248,273–274,275–276,2025-01-01
FAH-SYSU Nansha Division,Guangzhou,2024-09-06,469,183,DH2025-P7,2025-01-01,2025-12-31,DH2026_HHB248,273–274,275–276,2025-01-01
Guangdong Provincial Hospital of Chinese Medicine,Guangzhou,2025-07-31,844,406,DH2025-P8,2025-01-01,2025-12-31,DH2026_HHB248,273–274,275–276,2025-07-31
Guangdong Clifford Hospital,Guangzhou,2025-07-09,3979,1461,DH2025-P9,2025-01-01,2025-12-31,DH2026_HHB248,273–274,275–276,2025-07-09
ZSCXH,Zhongshan,2024-07-18,3654,1818,DH2025-P10,2025-01-01,2025-12-31,DH2026_HHB248,273–274,275–276,2025-01-01
Zhongshan Hospital of Traditional Chinese Medicine,Zhongshan,2025-07-09,3670,1353,DH2025-P11,2025-01-01,2025-12-31,DH2026_HHB248,273–274,275–276,2025-07-09
Dongguan Tungwah Hospital,Dongguan,2024-09-06,2011,992,DH2025-P12,2025-01-01,2025-12-31,DH2026_HHB248,273–274,275–276,2025-01-01
Fifth Affiliated Hospital Sun Yat-sen University,Zhuhai,2025-06-26,1763,769,DH2025-P13,2025-01-01,2025-12-31,DH2026_HHB248,273–274,275–276,2025-06-26
Zhuhai Peoples Hospital,Zhuhai,2025-06-26,1257,453,DH2025-P14,2025-01-01,2025-12-31,DH2026_HHB248,273–274,275–276,2025-06-26
First Peoples Hospital of Foshan,Foshan,2025-07-17,752,317,DH2025-P15,2025-01-01,2025-12-31,DH2026_HHB248,273–274,275–276,2025-07-17
Eighth Affiliated Hospital of Southern Medical University,Foshan,2025-07-17,339,166,DH2025-P16,2025-01-01,2025-12-31,DH2026_HHB248,273–274,275–276,2025-07-17
Huizhou Central Peoples Hospital,Huizhou,2025-08-21,159,62,DH2025-P17,2025-01-01,2025-12-31,DH2026_HHB248,273–274,275–276,2025-08-21
Jiangmen Central Hospital,Jiangmen,2025-08-21,596,204,DH2025-P18,2025-01-01,2025-12-31,DH2026_HHB248,273–274,275–276,2025-08-21
First Peoples Hospital of Zhaoqing,Zhaoqing,2025-08-28,434,157,DH2025-P19,2025-01-01,2025-12-31,DH2026_HHB248,273–274,275–276,2025-08-28
