dataset,table,printed_page,pdf_page,fieldwork_start,fieldwork_end,reference_period,question,category,count,denominator,published_percent,calculated_percent,multiple_response,source_url,record_id,source_id,quality_flag
HKFYG_YI079,5.6,42,54,2024-11-09,2024-11-14,past year at interview,V11: Frequency of northbound cross-border consumption in past year,Almost daily,0,600,,0.0,False,https://yrc.hkfyg.org.hk/wp-content/uploads/sites/56/2024/12/YI079_Report-1.pdf,HKFYG-001,HKFYG2024,
HKFYG_YI079,5.6,42,54,2024-11-09,2024-11-14,past year at interview,V11: Frequency of northbound cross-border consumption in past year,4–6 times per week,7,600,1.2,1.2,False,https://yrc.hkfyg.org.hk/wp-content/uploads/sites/56/2024/12/YI079_Report-1.pdf,HKFYG-002,HKFYG2024,
HKFYG_YI079,5.6,42,54,2024-11-09,2024-11-14,past year at interview,V11: Frequency of northbound cross-border consumption in past year,1–3 times per week,36,600,6.0,6.0,False,https://yrc.hkfyg.org.hk/wp-content/uploads/sites/56/2024/12/YI079_Report-1.pdf,HKFYG-003,HKFYG2024,
HKFYG_YI079,5.6,42,54,2024-11-09,2024-11-14,past year at interview,V11: Frequency of northbound cross-border consumption in past year,1–3 times per two weeks,91,600,15.2,15.2,False,https://yrc.hkfyg.org.hk/wp-content/uploads/sites/56/2024/12/YI079_Report-1.pdf,HKFYG-004,HKFYG2024,
HKFYG_YI079,5.6,42,54,2024-11-09,2024-11-14,past year at interview,V11: Frequency of northbound cross-border consumption in past year,1–3 times per month,182,600,40.3,30.3,False,https://yrc.hkfyg.org.hk/wp-content/uploads/sites/56/2024/12/YI079_Report-1.pdf,HKFYG-005,HKFYG2024,source_percent_typo_use_calculated
HKFYG_YI079,5.6,42,54,2024-11-09,2024-11-14,past year at interview,V11: Frequency of northbound cross-border consumption in past year,Less than monthly,170,600,28.3,28.3,False,https://yrc.hkfyg.org.hk/wp-content/uploads/sites/56/2024/12/YI079_Report-1.pdf,HKFYG-006,HKFYG2024,
HKFYG_YI079,5.6,42,54,2024-11-09,2024-11-14,past year at interview,V11: Frequency of northbound cross-border consumption in past year,No northbound consumption in past year,114,600,19.0,19.0,False,https://yrc.hkfyg.org.hk/wp-content/uploads/sites/56/2024/12/YI079_Report-1.pdf,HKFYG-007,HKFYG2024,
HKFYG_YI079,5.7,43,55,2024-11-09,2024-11-14,past year at interview,V12: Main northbound consumption activities,Dining,372,486,76.5,76.5,True,https://yrc.hkfyg.org.hk/wp-content/uploads/sites/56/2024/12/YI079_Report-1.pdf,HKFYG-008,HKFYG2024,
HKFYG_YI079,5.7,43,55,2024-11-09,2024-11-14,past year at interview,V12: Main northbound consumption activities,Shopping malls and entertainment,329,486,67.7,67.7,True,https://yrc.hkfyg.org.hk/wp-content/uploads/sites/56/2024/12/YI079_Report-1.pdf,HKFYG-009,HKFYG2024,
HKFYG_YI079,5.7,43,55,2024-11-09,2024-11-14,past year at interview,V12: Main northbound consumption activities,Shopping e.g. food and household goods,189,486,38.9,38.9,True,https://yrc.hkfyg.org.hk/wp-content/uploads/sites/56/2024/12/YI079_Report-1.pdf,HKFYG-010,HKFYG2024,
HKFYG_YI079,5.7,43,55,2024-11-09,2024-11-14,past year at interview,V12: Main northbound consumption activities,Tourism,166,486,34.2,34.2,True,https://yrc.hkfyg.org.hk/wp-content/uploads/sites/56/2024/12/YI079_Report-1.pdf,HKFYG-011,HKFYG2024,
HKFYG_YI079,5.7,43,55,2024-11-09,2024-11-14,past year at interview,V12: Main northbound consumption activities,Medical services e.g. examinations and treatment,74,486,15.2,15.2,True,https://yrc.hkfyg.org.hk/wp-content/uploads/sites/56/2024/12/YI079_Report-1.pdf,HKFYG-012,HKFYG2024,
HKFYG_YI079,5.7,43,55,2024-11-09,2024-11-14,past year at interview,V12: Main northbound consumption activities,Beauty and skincare,69,486,14.2,14.2,True,https://yrc.hkfyg.org.hk/wp-content/uploads/sites/56/2024/12/YI079_Report-1.pdf,HKFYG-013,HKFYG2024,
HKFYG_YI079,5.7,43,55,2024-11-09,2024-11-14,past year at interview,V12: Main northbound consumption activities,Medicines and health products,38,486,7.8,7.8,True,https://yrc.hkfyg.org.hk/wp-content/uploads/sites/56/2024/12/YI079_Report-1.pdf,HKFYG-014,HKFYG2024,
HKFYG_YI079,5.7,43,55,2024-11-09,2024-11-14,past year at interview,V12: Main northbound consumption activities,Education and training,5,486,1.0,1.0,True,https://yrc.hkfyg.org.hk/wp-content/uploads/sites/56/2024/12/YI079_Report-1.pdf,HKFYG-015,HKFYG2024,
HKFYG_YI079,5.7,43,55,2024-11-09,2024-11-14,past year at interview,V12: Main northbound consumption activities,Other,5,486,1.0,1.0,True,https://yrc.hkfyg.org.hk/wp-content/uploads/sites/56/2024/12/YI079_Report-1.pdf,HKFYG-016,HKFYG2024,
HKFYG_YI079,5.8,43,55,2024-11-09,2024-11-14,past year at interview,V13: Received any medical service in Mainland in past year,Yes,181,600,30.2,30.2,False,https://yrc.hkfyg.org.hk/wp-content/uploads/sites/56/2024/12/YI079_Report-1.pdf,HKFYG-017,HKFYG2024,
HKFYG_YI079,5.8,43,55,2024-11-09,2024-11-14,past year at interview,V13: Received any medical service in Mainland in past year,No,419,600,69.8,69.8,False,https://yrc.hkfyg.org.hk/wp-content/uploads/sites/56/2024/12/YI079_Report-1.pdf,HKFYG-018,HKFYG2024,
HKFYG_YI079,5.9,43,55,2024-11-09,2024-11-14,past year at interview,"V13: Received medical service in Mainland in past year, within age group 18–24",Yes,5,47,10.6,10.6,False,https://yrc.hkfyg.org.hk/wp-content/uploads/sites/56/2024/12/YI079_Report-1.pdf,HKFYG-019,HKFYG2024,
HKFYG_YI079,5.9,43,55,2024-11-09,2024-11-14,past year at interview,"V13: Received medical service in Mainland in past year, within age group 18–24",No,42,47,89.4,89.4,False,https://yrc.hkfyg.org.hk/wp-content/uploads/sites/56/2024/12/YI079_Report-1.pdf,HKFYG-020,HKFYG2024,
HKFYG_YI079,5.9,43,55,2024-11-09,2024-11-14,past year at interview,"V13: Received medical service in Mainland in past year, within age group 25–34",Yes,13,94,13.8,13.8,False,https://yrc.hkfyg.org.hk/wp-content/uploads/sites/56/2024/12/YI079_Report-1.pdf,HKFYG-021,HKFYG2024,
HKFYG_YI079,5.9,43,55,2024-11-09,2024-11-14,past year at interview,"V13: Received medical service in Mainland in past year, within age group 25–34",No,81,94,86.2,86.2,False,https://yrc.hkfyg.org.hk/wp-content/uploads/sites/56/2024/12/YI079_Report-1.pdf,HKFYG-022,HKFYG2024,
HKFYG_YI079,5.9,43,55,2024-11-09,2024-11-14,past year at interview,"V13: Received medical service in Mainland in past year, within age group 35–44",Yes,33,118,28.0,28.0,False,https://yrc.hkfyg.org.hk/wp-content/uploads/sites/56/2024/12/YI079_Report-1.pdf,HKFYG-023,HKFYG2024,
HKFYG_YI079,5.9,43,55,2024-11-09,2024-11-14,past year at interview,"V13: Received medical service in Mainland in past year, within age group 35–44",No,85,118,72.0,72.0,False,https://yrc.hkfyg.org.hk/wp-content/uploads/sites/56/2024/12/YI079_Report-1.pdf,HKFYG-024,HKFYG2024,
HKFYG_YI079,5.9,43,55,2024-11-09,2024-11-14,past year at interview,"V13: Received medical service in Mainland in past year, within age group 45–54",Yes,42,116,36.2,36.2,False,https://yrc.hkfyg.org.hk/wp-content/uploads/sites/56/2024/12/YI079_Report-1.pdf,HKFYG-025,HKFYG2024,
HKFYG_YI079,5.9,43,55,2024-11-09,2024-11-14,past year at interview,"V13: Received medical service in Mainland in past year, within age group 45–54",No,74,116,63.8,63.8,False,https://yrc.hkfyg.org.hk/wp-content/uploads/sites/56/2024/12/YI079_Report-1.pdf,HKFYG-026,HKFYG2024,
HKFYG_YI079,5.9,43,55,2024-11-09,2024-11-14,past year at interview,"V13: Received medical service in Mainland in past year, within age group 55–64",Yes,49,123,39.8,39.8,False,https://yrc.hkfyg.org.hk/wp-content/uploads/sites/56/2024/12/YI079_Report-1.pdf,HKFYG-027,HKFYG2024,
HKFYG_YI079,5.9,43,55,2024-11-09,2024-11-14,past year at interview,"V13: Received medical service in Mainland in past year, within age group 55–64",No,74,123,60.2,60.2,False,https://yrc.hkfyg.org.hk/wp-content/uploads/sites/56/2024/12/YI079_Report-1.pdf,HKFYG-028,HKFYG2024,
HKFYG_YI079,5.9,43,55,2024-11-09,2024-11-14,past year at interview,"V13: Received medical service in Mainland in past year, within age group 65–74",Yes,39,102,38.2,38.2,False,https://yrc.hkfyg.org.hk/wp-content/uploads/sites/56/2024/12/YI079_Report-1.pdf,HKFYG-029,HKFYG2024,
HKFYG_YI079,5.9,43,55,2024-11-09,2024-11-14,past year at interview,"V13: Received medical service in Mainland in past year, within age group 65–74",No,63,102,61.8,61.8,False,https://yrc.hkfyg.org.hk/wp-content/uploads/sites/56/2024/12/YI079_Report-1.pdf,HKFYG-030,HKFYG2024,
HKFYG_YI079,5.11,45,57,2024-11-09,2024-11-14,past year at interview,V15: Mainland destination of medical services,Shenzhen,165,181,91.2,91.2,True,https://yrc.hkfyg.org.hk/wp-content/uploads/sites/56/2024/12/YI079_Report-1.pdf,HKFYG-031,HKFYG2024,
HKFYG_YI079,5.11,45,57,2024-11-09,2024-11-14,past year at interview,V15: Mainland destination of medical services,Guangzhou,29,181,16.0,16.0,True,https://yrc.hkfyg.org.hk/wp-content/uploads/sites/56/2024/12/YI079_Report-1.pdf,HKFYG-032,HKFYG2024,
HKFYG_YI079,5.11,45,57,2024-11-09,2024-11-14,past year at interview,V15: Mainland destination of medical services,Zhuhai,15,181,8.3,8.3,True,https://yrc.hkfyg.org.hk/wp-content/uploads/sites/56/2024/12/YI079_Report-1.pdf,HKFYG-033,HKFYG2024,
HKFYG_YI079,5.11,45,57,2024-11-09,2024-11-14,past year at interview,V15: Mainland destination of medical services,Foshan,4,181,2.2,2.2,True,https://yrc.hkfyg.org.hk/wp-content/uploads/sites/56/2024/12/YI079_Report-1.pdf,HKFYG-034,HKFYG2024,
HKFYG_YI079,5.11,45,57,2024-11-09,2024-11-14,past year at interview,V15: Mainland destination of medical services,Dongguan,3,181,1.7,1.7,True,https://yrc.hkfyg.org.hk/wp-content/uploads/sites/56/2024/12/YI079_Report-1.pdf,HKFYG-035,HKFYG2024,
HKFYG_YI079,5.11,45,57,2024-11-09,2024-11-14,past year at interview,V15: Mainland destination of medical services,Zhongshan,3,181,1.7,1.7,True,https://yrc.hkfyg.org.hk/wp-content/uploads/sites/56/2024/12/YI079_Report-1.pdf,HKFYG-036,HKFYG2024,
HKFYG_YI079,5.11,45,57,2024-11-09,2024-11-14,past year at interview,V15: Mainland destination of medical services,Jiangmen,1,181,0.6,0.6,True,https://yrc.hkfyg.org.hk/wp-content/uploads/sites/56/2024/12/YI079_Report-1.pdf,HKFYG-037,HKFYG2024,
HKFYG_YI079,5.11,45,57,2024-11-09,2024-11-14,past year at interview,V15: Mainland destination of medical services,Huizhou,0,181,0.0,0.0,True,https://yrc.hkfyg.org.hk/wp-content/uploads/sites/56/2024/12/YI079_Report-1.pdf,HKFYG-038,HKFYG2024,
HKFYG_YI079,5.11,45,57,2024-11-09,2024-11-14,past year at interview,V15: Mainland destination of medical services,Zhaoqing,0,181,0.0,0.0,True,https://yrc.hkfyg.org.hk/wp-content/uploads/sites/56/2024/12/YI079_Report-1.pdf,HKFYG-039,HKFYG2024,
HKFYG_YI079,5.11,45,57,2024-11-09,2024-11-14,past year at interview,V15: Mainland destination of medical services,Mainland outside GBA,1,181,0.6,0.6,True,https://yrc.hkfyg.org.hk/wp-content/uploads/sites/56/2024/12/YI079_Report-1.pdf,HKFYG-040,HKFYG2024,
HKFYG_YI079,5.12,45,57,2024-11-09,2024-11-14,past year at interview,V16: Medical services received in Mainland,Dental examination or cleaning,120,181,66.3,66.3,True,https://yrc.hkfyg.org.hk/wp-content/uploads/sites/56/2024/12/YI079_Report-1.pdf,HKFYG-041,HKFYG2024,
HKFYG_YI079,5.12,45,57,2024-11-09,2024-11-14,past year at interview,V16: Medical services received in Mainland,Physical examination,54,181,29.8,29.8,True,https://yrc.hkfyg.org.hk/wp-content/uploads/sites/56/2024/12/YI079_Report-1.pdf,HKFYG-042,HKFYG2024,
HKFYG_YI079,5.12,45,57,2024-11-09,2024-11-14,past year at interview,V16: Medical services received in Mainland,Dental surgery e.g. root canal or implants,38,181,21.0,21.0,True,https://yrc.hkfyg.org.hk/wp-content/uploads/sites/56/2024/12/YI079_Report-1.pdf,HKFYG-043,HKFYG2024,
HKFYG_YI079,5.12,45,57,2024-11-09,2024-11-14,past year at interview,V16: Medical services received in Mainland,Chinese medicine,30,181,16.6,16.6,True,https://yrc.hkfyg.org.hk/wp-content/uploads/sites/56/2024/12/YI079_Report-1.pdf,HKFYG-044,HKFYG2024,
HKFYG_YI079,5.12,45,57,2024-11-09,2024-11-14,past year at interview,V16: Medical services received in Mainland,General outpatient,27,181,14.9,14.9,True,https://yrc.hkfyg.org.hk/wp-content/uploads/sites/56/2024/12/YI079_Report-1.pdf,HKFYG-045,HKFYG2024,
HKFYG_YI079,5.12,45,57,2024-11-09,2024-11-14,past year at interview,V16: Medical services received in Mainland,Specialist outpatient,21,181,11.6,11.6,True,https://yrc.hkfyg.org.hk/wp-content/uploads/sites/56/2024/12/YI079_Report-1.pdf,HKFYG-046,HKFYG2024,
HKFYG_YI079,5.12,45,57,2024-11-09,2024-11-14,past year at interview,V16: Medical services received in Mainland,Medical imaging,13,181,7.2,7.2,True,https://yrc.hkfyg.org.hk/wp-content/uploads/sites/56/2024/12/YI079_Report-1.pdf,HKFYG-047,HKFYG2024,
HKFYG_YI079,5.12,45,57,2024-11-09,2024-11-14,past year at interview,V16: Medical services received in Mainland,Specialist surgery,5,181,2.8,2.8,True,https://yrc.hkfyg.org.hk/wp-content/uploads/sites/56/2024/12/YI079_Report-1.pdf,HKFYG-048,HKFYG2024,
HKFYG_YI079,5.13,46,58,2024-11-09,2024-11-14,past year at interview,V17: Why chose Mainland medical services; maximum three,Lower medical costs,154,181,85.1,85.1,True,https://yrc.hkfyg.org.hk/wp-content/uploads/sites/56/2024/12/YI079_Report-1.pdf,HKFYG-049,HKFYG2024,
HKFYG_YI079,5.13,46,58,2024-11-09,2024-11-14,past year at interview,V17: Why chose Mainland medical services; maximum three,Shorter waiting time,90,181,49.7,49.7,True,https://yrc.hkfyg.org.hk/wp-content/uploads/sites/56/2024/12/YI079_Report-1.pdf,HKFYG-050,HKFYG2024,
HKFYG_YI079,5.13,46,58,2024-11-09,2024-11-14,past year at interview,V17: Why chose Mainland medical services; maximum three,Better service attitude,79,181,43.6,43.6,True,https://yrc.hkfyg.org.hk/wp-content/uploads/sites/56/2024/12/YI079_Report-1.pdf,HKFYG-051,HKFYG2024,
HKFYG_YI079,5.13,46,58,2024-11-09,2024-11-14,past year at interview,V17: Why chose Mainland medical services; maximum three,Family or friends recommendation,46,181,25.4,25.4,True,https://yrc.hkfyg.org.hk/wp-content/uploads/sites/56/2024/12/YI079_Report-1.pdf,HKFYG-052,HKFYG2024,
HKFYG_YI079,5.13,46,58,2024-11-09,2024-11-14,past year at interview,V17: Why chose Mainland medical services; maximum three,Medical quality meets standard,31,181,17.1,17.1,True,https://yrc.hkfyg.org.hk/wp-content/uploads/sites/56/2024/12/YI079_Report-1.pdf,HKFYG-053,HKFYG2024,
HKFYG_YI079,5.13,46,58,2024-11-09,2024-11-14,past year at interview,V17: Why chose Mainland medical services; maximum three,More diverse choice,18,181,9.9,9.9,True,https://yrc.hkfyg.org.hk/wp-content/uploads/sites/56/2024/12/YI079_Report-1.pdf,HKFYG-054,HKFYG2024,
HKFYG_YI079,5.13,46,58,2024-11-09,2024-11-14,past year at interview,V17: Why chose Mainland medical services; maximum three,Convenient transport,10,181,5.5,5.5,True,https://yrc.hkfyg.org.hk/wp-content/uploads/sites/56/2024/12/YI079_Report-1.pdf,HKFYG-055,HKFYG2024,
HKFYG_YI079,5.13,46,58,2024-11-09,2024-11-14,past year at interview,V17: Why chose Mainland medical services; maximum three,Can use healthcare vouchers,8,181,4.4,4.4,True,https://yrc.hkfyg.org.hk/wp-content/uploads/sites/56/2024/12/YI079_Report-1.pdf,HKFYG-056,HKFYG2024,
HKFYG_YI079,5.13,46,58,2024-11-09,2024-11-14,past year at interview,V17: Why chose Mainland medical services; maximum three,Convenient appointment system,8,181,4.4,4.4,True,https://yrc.hkfyg.org.hk/wp-content/uploads/sites/56/2024/12/YI079_Report-1.pdf,HKFYG-057,HKFYG2024,
HKFYG_YI079,5.13,46,58,2024-11-09,2024-11-14,past year at interview,V17: Why chose Mainland medical services; maximum three,Sudden illness while staying in Mainland,7,181,3.9,3.9,True,https://yrc.hkfyg.org.hk/wp-content/uploads/sites/56/2024/12/YI079_Report-1.pdf,HKFYG-058,HKFYG2024,
HKFYG_YI079,5.14,46,58,2024-11-09,2024-11-14,past year at interview,V18: Why did not choose Mainland medical services; maximum three,Unfamiliar with Mainland medical care,215,419,51.3,51.3,True,https://yrc.hkfyg.org.hk/wp-content/uploads/sites/56/2024/12/YI079_Report-1.pdf,HKFYG-059,HKFYG2024,
HKFYG_YI079,5.14,46,58,2024-11-09,2024-11-14,past year at interview,V18: Why did not choose Mainland medical services; maximum three,Concern about medical quality,146,419,34.8,34.8,True,https://yrc.hkfyg.org.hk/wp-content/uploads/sites/56/2024/12/YI079_Report-1.pdf,HKFYG-060,HKFYG2024,
HKFYG_YI079,5.14,46,58,2024-11-09,2024-11-14,past year at interview,V18: Why did not choose Mainland medical services; maximum three,Inconvenient transport or too far,106,419,25.3,25.3,True,https://yrc.hkfyg.org.hk/wp-content/uploads/sites/56/2024/12/YI079_Report-1.pdf,HKFYG-061,HKFYG2024,
HKFYG_YI079,5.14,46,58,2024-11-09,2024-11-14,past year at interview,V18: Why did not choose Mainland medical services; maximum three,More protection receiving medical care in HK,95,419,22.7,22.7,True,https://yrc.hkfyg.org.hk/wp-content/uploads/sites/56/2024/12/YI079_Report-1.pdf,HKFYG-062,HKFYG2024,
HKFYG_YI079,5.14,46,58,2024-11-09,2024-11-14,past year at interview,V18: Why did not choose Mainland medical services; maximum three,No need,95,419,22.7,22.7,True,https://yrc.hkfyg.org.hk/wp-content/uploads/sites/56/2024/12/YI079_Report-1.pdf,HKFYG-063,HKFYG2024,
HKFYG_YI079,5.14,46,58,2024-11-09,2024-11-14,past year at interview,V18: Why did not choose Mainland medical services; maximum three,Language or cultural barriers,36,419,8.6,8.6,True,https://yrc.hkfyg.org.hk/wp-content/uploads/sites/56/2024/12/YI079_Report-1.pdf,HKFYG-064,HKFYG2024,
HKFYG_YI079,5.14,46,58,2024-11-09,2024-11-14,past year at interview,V18: Why did not choose Mainland medical services; maximum three,Insufficient medical equipment,34,419,8.1,8.1,True,https://yrc.hkfyg.org.hk/wp-content/uploads/sites/56/2024/12/YI079_Report-1.pdf,HKFYG-065,HKFYG2024,
HKFYG_YI079,5.14,46,58,2024-11-09,2024-11-14,past year at interview,V18: Why did not choose Mainland medical services; maximum three,Privacy concerns,20,419,4.8,4.8,True,https://yrc.hkfyg.org.hk/wp-content/uploads/sites/56/2024/12/YI079_Report-1.pdf,HKFYG-066,HKFYG2024,
HKFYG_YI079,5.14,46,58,2024-11-09,2024-11-14,past year at interview,V18: Why did not choose Mainland medical services; maximum three,Insufficient information transparency,20,419,4.8,4.8,True,https://yrc.hkfyg.org.hk/wp-content/uploads/sites/56/2024/12/YI079_Report-1.pdf,HKFYG-067,HKFYG2024,
HKFYG_YI079,5.14,46,58,2024-11-09,2024-11-14,past year at interview,V18: Why did not choose Mainland medical services; maximum three,Insurance may not cover,12,419,2.9,2.9,True,https://yrc.hkfyg.org.hk/wp-content/uploads/sites/56/2024/12/YI079_Report-1.pdf,HKFYG-068,HKFYG2024,
